load_time,note
7.024634638917632,diffusers
7.027904115035199,diffusers
7.080439108074643,diffusers
7.057439227006398,diffusers
7.048575957887806,diffusers
6.920435011037625,diffusers
