cold_time,inference_time
8.301783795002848,97.05357276892755
7.897977989981882,95.78128653403837
8.086296251975,97.2885033460334
8.01419827400241,96.09918064204976
7.879542683949694,94.63133498595562
